-- Insertar registros en la tabla Fundación
INSERT INTO Fundacion (Id, Nombre, Direccion, Pais, Ciudad, TelefonoContacto, EmailContacto, Ressenya, Valoracion, Foto, LinkWeb, HorarioVisita)
VALUES
('1', 'Fundación Vicente Ferrer', 'Calle de Sta. Catalina, 12', 'España', 'Barcelona', '+34 933 248 868', 'info@fundacionvicenteferrer.org', 'Trabaja en India mejorando las condiciones de vida de comunidades rurales.', 5, NULL, 'https://fundacionvicenteferrer.org', 'Lunes a Viernes: 9:00 - 18:00'),
('2', 'Greenpeace', 'Calle San Bernardo, 107', 'España', 'Madrid', '+34 914 443 400', 'info@greenpeace.es', 'Organización que trabaja por la conservación del medio ambiente.', 5, NULL, 'https://www.greenpeace.org/espana', 'Lunes a Viernes: 9:00 - 18:00'),
('3', 'Fundación Pasqual Maragall', 'Carrer de Wellington, 30', 'España', 'Barcelona', '+34 935 396 490', 'info@fpmaragall.org', 'Impulsa la investigación para la prevención del Alzheimer.', 4, NULL, 'https://fpmaragall.org', 'Lunes a Viernes: 9:00 - 17:00'),
('4', 'Cruz Roja Española', 'Avenida Reina Victoria, 26', 'España', 'Madrid', '+34 900 221 122', 'info@cruzroja.es', 'Ayuda humanitaria en emergencias y desastres naturales.', 5, NULL, 'https://www.cruzroja.es', 'Lunes a Domingo: 24h'),
('5', 'Fundación Telefónica', 'Gran Vía, 28', 'España', 'Madrid', '+34 914 840 200', 'info@fundaciontelefonica.com', 'Promueve la innovación educativa y el desarrollo social.', 5, NULL, 'https://fundaciontelefonica.com', 'Lunes a Viernes: 9:00 - 18:00'),
('6', 'WWF España', 'Gran Vía, 22', 'España', 'Madrid', '+34 913 540 578', 'info@wwf.es', 'Conservación de la biodiversidad y lucha contra el cambio climático.', 4, NULL, 'https://www.wwf.es', 'Lunes a Viernes: 9:00 - 17:30'),
('7', 'Fundación ONCE', 'Calle Sebastián Herrera, 15', 'España', 'Madrid', '+34 915 068 888', 'info@fundaciononce.es', 'Integración laboral y accesibilidad para personas con discapacidad.', 5, NULL, 'https://www.fundaciononce.es', 'Lunes a Viernes: 8:00 - 16:00'),
('8', 'Médicos Sin Fronteras', 'Calle Zamora, 54', 'España', 'Barcelona', '+34 902 222 239', 'info@msf.es', 'Atención médica en zonas de crisis humanitaria.', 5, NULL, 'https://www.msf.es', 'Lunes a Domingo: 24h'),
('9', 'Save the Children España', 'Calle Eloy Gonzalo, 34', 'España', 'Madrid', '+34 915 063 264', 'info@savethechildren.es', 'Protección y derechos de la infancia en riesgo.', 5, NULL, 'https://www.savethechildren.es', 'Lunes a Viernes: 9:00 - 18:00'),
('10', 'Caritas Española', 'Calle Embajadores, 162', 'España', 'Madrid', '+34 914 445 555', 'info@caritas.es', 'Atención a personas en situación de pobreza y exclusión social.', 4, NULL, 'https://www.caritas.es', 'Lunes a Domingo: 24h'),
('11', 'UNICEF España', 'Calle San Agustín, 5', 'España', 'Madrid', '+34 913 789 555', 'info@unicef.es', 'Defensa de los derechos de la infancia en el mundo.', 5, NULL, 'https://www.unicef.es', 'Lunes a Viernes: 9:00 - 18:00'),
('12', 'Fundación Triodos', 'Calle Ronda de Segovia, 18', 'España', 'Madrid', '+34 915 921 500', 'info@fundaciontriodos.es', 'Apoya proyectos sostenibles y de impacto positivo.', 4, NULL, 'https://www.fundaciontriodos.es', 'Lunes a Viernes: 9:00 - 17:00'),
('13', 'Amnistía Internacional España', 'Calle Fernando VI, 8', 'España', 'Madrid', '+34 913 188 100', 'info@amnistia.es', 'Defensa de los derechos humanos a nivel global.', 5, NULL, 'https://www.es.amnesty.org', 'Lunes a Viernes: 9:00 - 18:00'),
('14', 'Fundación Botín', 'Calle Castelló, 18', 'España', 'Madrid', '+34 915 950 211', 'info@fundacionbotin.org', 'Promoción de la creatividad y el talento.', 4, NULL, 'https://www.fundacionbotin.org', 'Lunes a Viernes: 9:00 - 18:00'),
('15', 'Fundación Aladina', 'Calle de Jorge Juan, 50', 'España', 'Madrid', '+34 911 376 212', 'info@fundacionaladina.org', 'Apoyo a niños con cáncer y sus familias.', 5, NULL, 'https://aladina.org', 'Lunes a Viernes: 9:00 - 18:00'),
('16', 'Fundación Ramón Areces', 'Calle Vitrubio, 5', 'España', 'Madrid', '+34 915 674 062', 'info@fundacionareces.es', 'Fomento de la investigación científica y técnica.', 4, NULL, 'https://www.fundacionareces.es', 'Lunes a Viernes: 9:00 - 18:00'),
('17', 'Fundación Mutua Madrileña', 'Paseo de la Castellana, 33', 'España', 'Madrid', '+34 915 674 681', 'info@fundacionmutua.es', 'Ayudas a la investigación médica y prevención de accidentes.', 5, NULL, 'https://www.fundacionmutua.es', 'Lunes a Viernes: 9:00 - 18:00'),
('18', 'Manos Unidas', 'Calle Barquillo, 38', 'España', 'Madrid', '+34 914 488 885', 'info@manosunidas.org', 'Lucha contra el hambre y la pobreza en países en desarrollo.', 5, NULL, 'https://www.manosunidas.org', 'Lunes a Viernes: 9:00 - 18:00'),
('19', 'Fundación Secretariado Gitano', 'Calle Ahijones, 12', 'España', 'Madrid', '+34 915 523 515', 'info@gitano.org', 'Promueve la igualdad y el desarrollo de la comunidad gitana.', 4, NULL, 'https://www.gitanos.org', 'Lunes a Viernes: 9:00 - 17:00'),
('20', 'Fundación Anesvad', 'Avenida Lehendakari Aguirre, 1', 'España', 'Bilbao', '+34 944 111 444', 'info@anesvad.org', 'Defiende el derecho a la salud en África subsahariana.', 4, NULL, 'https://www.anesvad.org', 'Lunes a Viernes: 9:00 - 17:00');


-- Insertar registros en la tabla Categoría
INSERT INTO Categoria (Id, NombreCategoria)
VALUES
('1', 'Medio Ambiente'),
('2', 'Educación'),
('3', 'Salud'),
('4', 'Desarrollo Social'),
('5', 'Ciencia e Investigación'),
('6', 'Ayuda Humanitaria'),
('7', 'Derechos Humanos'),
('8', 'Infancia'),
('9', 'Educación'),
('10', 'Sostenibilidad');

-- Relacionar fundaciones con categorías en la tabla FundacionCategoria
INSERT INTO FundacionCategoria (FundacionId, CategoriaId)
VALUES
('1', '4'), -- Fundación Vicente Ferrer -> Desarrollo Social
('2', '1'), -- Greenpeace -> Medio Ambiente
('3', '3'), -- Fundación Pasqual Maragall -> Salud
('3', '5') -- Fundación Pasqual M

-- Insertar registros en la tabla GaleriaImagenes
INSERT INTO GaleriaImagenes (Id, FundacionId, Imagen, Descripcion)
VALUES
('1', '1', NULL, 'Imagen principal de la Fundación Vicente Ferrer'),
('2', '2', NULL, 'Protesta de Greenpeace por la conservación del medio ambiente'),
('3', '3', NULL, 'Evento de prevención del Alzheimer organizado por la Fundación Pasqual Maragall'),
('4', '4', NULL, 'Operación de ayuda humanitaria de Cruz Roja Española'),
('5', '5', NULL, 'Evento de innovación educativa promovido por Fundación Telefónica'),
('6', '6', NULL, 'Campaña de WWF para la protección de especies en peligro de extinción'),
('7', '7', NULL, 'Proyecto de accesibilidad impulsado por Fundación ONCE'),
('8', '8', NULL, 'Misión médica de Médicos Sin Fronteras en zonas de conflicto'),
('9', '9', NULL, 'Campaña de Save the Children para la protección de la infancia'),
('10', '10', NULL, 'Entrega de alimentos y recursos organizada por Cáritas Española'),
('11', '11', NULL, 'Programa de UNICEF para los derechos de los niños en situación vulnerable'),
('12', '12', NULL, 'Proyecto sostenible apoyado por Fundación Triodos'),
('13', '13', NULL, 'Marcha por los derechos humanos organizada por Amnistía Internacional'),
('14', '14', NULL, 'Evento cultural organizado por la Fundación Botín'),
('15', '15', NULL, 'Campaña de apoyo a niños con cáncer de la Fundación Aladina'),
('16', '16', NULL, 'Investigación médica financiada por Fundación Ramón Areces'),
('17', '17', NULL, 'Prevención de accidentes y promoción de la salud por Fundación Mutua Madrileña'),
('18', '18', NULL, 'Campaña de Manos Unidas para combatir el hambre en África'),
('19', '19', NULL, 'Programa de integración para la comunidad gitana por la Fundación Secretariado Gitano'),
('20', '20', NULL, 'Campaña de salud impulsada por Fundación Anesvad en África subsahariana');
